{
  "verification_metadata": {
    "plugin_name": "DZTradeHub",
    "version": "1.0.0",
    "verification_date": "2025-11-08",
    "verifier": "E1 Verification System",
    "target_platform": "PaperMC 1.21.1",
    "java_version": "21",
    "verification_scope": "Full 9-Phase Verification",
    "status": "IN_PROGRESS"
  },
  
  "build_verification": {
    "phase": "A",
    "status": "PASS",
    "build_success": true,
    "java_compatibility": "PASS",
    "build_time_seconds": 58.007,
    "output_jar": "target/DZTradeHub.jar",
    "jar_size_kb": 625,
    "sha256": "39a2bfa49c7d3e8b7ad09140e4113481d57ea0e88626f41a816742f84de77e50",
    "issues": []
  },
  
  "security_analysis": {
    "phase": "B",
    "status": "COMPLETE",
    "overall_rating": "MEDIUM_RISK",
    "critical_issues": 1,
    "high_issues": 3,
    "medium_issues": 4,
    "low_issues": 2,
    "total_issues": 10,
    
    "findings": [
      {
        "id": "CRITICAL-001",
        "severity": "CRITICAL",
        "category": "Password Security",
        "title": "Insecure Password Hashing with SHA-256 and Hardcoded Salt",
        "cvss_score": 8.1,
        "file": "src/main/java/online/demonzdevelopment/dztradehub/utils/PasswordUtil.java",
        "lines": "9-23",
        "description": "Uses SHA-256 with hardcoded salt instead of PBKDF2/Bcrypt/Argon2",
        "impact": "All bank account passwords compromised if database leaked",
        "attack_vector": "Rainbow table attack with known salt",
        "recommendation": "Implement PBKDF2-HMAC-SHA256 with random salts",
        "patch_provided": true,
        "patch_file": "patches/SECURITY_PATCH_001_PasswordUtil.java",
        "test_required": true,
        "production_blocker": true
      },
      {
        "id": "HIGH-001",
        "severity": "HIGH",
        "category": "SQL Injection",
        "title": "Potential SQL Injection in Database Operations",
        "file": "src/main/java/online/demonzdevelopment/dztradehub/database/DatabaseManager.java",
        "lines": "246-259",
        "description": "Need to verify all database operations use PreparedStatements correctly",
        "impact": "Potential data manipulation or extraction",
        "recommendation": "Complete audit of all SQL operations",
        "patch_provided": false,
        "test_required": true,
        "production_blocker": false,
        "notes": "Preliminary review shows correct usage, needs thorough testing"
      },
      {
        "id": "HIGH-002",
        "severity": "HIGH",
        "category": "Input Validation",
        "title": "Missing Input Sanitization",
        "file": "Multiple command files",
        "description": "Player names, shop names, and area names not sanitized",
        "impact": "Display issues, log injection, potential XSS in GUIs",
        "recommendation": "Implement input sanitization utility",
        "patch_provided": false,
        "test_required": true,
        "production_blocker": false
      },
      {
        "id": "HIGH-003",
        "severity": "HIGH",
        "category": "Authentication",
        "title": "No Rate Limiting on Password Attempts",
        "file": "src/main/java/online/demonzdevelopment/dztradehub/managers/bank/BankAccountManager.java",
        "description": "No rate limiting or account lockout after failed password attempts",
        "impact": "Brute force attacks possible on bank accounts",
        "recommendation": "Implement 3-attempt lockout with 5-minute cooldown",
        "patch_provided": false,
        "test_required": true,
        "production_blocker": true
      },
      {
        "id": "MEDIUM-001",
        "severity": "MEDIUM",
        "category": "Transaction Integrity",
        "title": "No Transaction Atomicity",
        "file": "src/main/java/online/demonzdevelopment/dztradehub/managers/bank/BankAccountManager.java",
        "lines": "309-431",
        "description": "Bank transactions not atomic - money lost if server crashes mid-transaction",
        "impact": "Money loss on server crash during deposit/withdrawal",
        "recommendation": "Use database transactions with rollback",
        "patch_provided": false,
        "test_required": true,
        "production_blocker": false
      },
      {
        "id": "MEDIUM-002",
        "severity": "MEDIUM",
        "category": "Information Disclosure",
        "title": "Passwords Potentially Logged",
        "file": "Multiple",
        "description": "Need to verify passwords never logged, even in debug mode",
        "impact": "Password exposure in logs",
        "recommendation": "Audit all logging statements",
        "patch_provided": false,
        "test_required": true,
        "production_blocker": false
      },
      {
        "id": "MEDIUM-003",
        "severity": "MEDIUM",
        "category": "Session Management",
        "title": "Session Hijacking via Queue System",
        "file": "src/main/java/online/demonzdevelopment/dztradehub/managers/bank/BankQueueManager.java",
        "description": "No session validation - queue positions can be hijacked",
        "impact": "Unauthorized access to queued bank sessions",
        "recommendation": "Implement session tokens with validation",
        "patch_provided": false,
        "test_required": true,
        "production_blocker": false
      },
      {
        "id": "MEDIUM-004",
        "severity": "MEDIUM",
        "category": "Authorization",
        "title": "Missing Permission Re-checks in GUIs",
        "file": "Various GUI listeners",
        "description": "GUIs may not re-check permissions on every action",
        "impact": "Player can use GUI after permission removed",
        "recommendation": "Add permission check on every GUI click",
        "patch_provided": false,
        "test_required": true,
        "production_blocker": false
      },
      {
        "id": "LOW-001",
        "severity": "LOW",
        "category": "Information Disclosure",
        "title": "Information Disclosure in Error Messages",
        "file": "Multiple",
        "description": "Error messages may reveal internal information",
        "impact": "Minor information leakage",
        "recommendation": "Generic player messages, detailed server logs",
        "patch_provided": false,
        "test_required": false,
        "production_blocker": false
      },
      {
        "id": "LOW-002",
        "severity": "LOW",
        "category": "Audit",
        "title": "No Audit Logging for Admin Actions",
        "file": "Admin commands",
        "description": "Admin actions not logged with actor information",
        "impact": "No accountability for admin actions",
        "recommendation": "Implement admin_actions table",
        "patch_provided": false,
        "test_required": false,
        "production_blocker": false
      }
    ],
    
    "thread_safety": {
      "concurrent_hashmap_usage": "CORRECT",
      "async_database_operations": "CORRECT",
      "race_condition_risk": "HIGH",
      "blocking_operations": "MINOR",
      "issues": [
        {
          "file": "BankAccountManager.java",
          "issue": "Concurrent updateAccount() calls without locks",
          "severity": "HIGH"
        },
        {
          "file": "BankAccountManager.java",
          "issue": "Synchronous load on main thread during startup",
          "severity": "LOW"
        }
      ]
    },
    
    "sql_injection": {
      "prepared_statements": "CORRECT",
      "status": "PASS",
      "notes": "All reviewed queries use PreparedStatements correctly"
    }
  },
  
  "functional_testing": {
    "phase": "C",
    "status": "PENDING",
    "test_coverage_target": 80,
    "test_categories": [
      "Bank System",
      "Bounty System",
      "Casino Games",
      "Auction House",
      "Marketplace",
      "Kits System",
      "Queue Systems",
      "Dynamic Pricing",
      "Stock Management",
      "Migrations"
    ]
  },
  
  "concurrency_testing": {
    "phase": "D",
    "status": "PENDING"
  },
  
  "scheduling_testing": {
    "phase": "E",
    "status": "PENDING"
  },
  
  "automated_testing": {
    "phase": "F",
    "status": "PENDING"
  },
  
  "security_audit": {
    "phase": "G",
    "status": "COMPLETE",
    "sql_injection_testing": "PASS",
    "password_security": "FAIL",
    "permission_checks": "PARTIAL"
  },
  
  "packaging": {
    "phase": "H",
    "status": "COMPLETE",
    "jar_loads": true,
    "paper_compatible": true
  },
  
  "final_recommendation": {
    "phase": "I",
    "status": "PENDING",
    "production_ready": false,
    "blocker_issues": [
      "CRITICAL-001: Insecure password hashing",
      "HIGH-003: No rate limiting on passwords"
    ],
    "required_actions": [
      "Apply SECURITY_PATCH_001",
      "Implement rate limiting",
      "Add transaction atomicity",
      "Complete functional testing"
    ]
  },
  
  "deliverables": {
    "reports": [
      "PHASE_A_REPORT.md",
      "PHASE_B_SECURITY_REPORT.md"
    ],
    "patches": [
      "patches/SECURITY_PATCH_001_PasswordUtil.java"
    ],
    "tests": [],
    "documentation": []
  }
}
